2018-04-17 01:44:54,2018-04-17 01:47:01,0,100,126,1,2018-04-17 01:47:01,R_3EGoXfcqCz3S3Bc,anonymous,EN,1,24,1,,1,2,2,1,2,2,2,2,3,2,3,3,3,4,,1,,2,2,"1,4,5",
2018-04-17 02:31:08,2018-04-17 02:32:39,0,100,90,1,2018-04-17 02:32:39,R_VIPT7BrvHrx8lP3,anonymous,EN,1,20,1,,4,2,3,1,1,1,1,2,3,1,3,3,2,4,,4,,2,3,5,
2018-04-17 02:30:43,2018-04-17 02:32:54,0,100,130,1,2018-04-17 02:32:54,R_3pcjUiqQOBRPsrB,anonymous,EN,1,19,1,,1,1,2,1,4,2,4,2,2,2,4,4,4,,,3,,4,2,"1,4,5",
2018-04-17 02:23:51,2018-04-17 02:34:27,0,100,635,1,2018-04-17 02:34:28,R_21bwVgvZON76M34,anonymous,EN,1,20,1,,2,2,3,2,1,1,1,2,3,3,3,3,3,1,NA,3,,2,3,"1,4",
2018-04-17 02:36:02,2018-04-17 02:37:51,0,100,109,1,2018-04-17 02:37:52,R_8GNAxCfM1hrHCSZ,anonymous,EN,1,24,1,,4,2,1,2,2,1,2,1,2,2,3,3,3,,"Send nudes ",3,,4,3,5,
2018-04-17 02:34:52,2018-04-17 02:37:58,0,100,186,1,2018-04-17 02:37:59,R_3k02TJXk9I9WNPO,anonymous,EN,1,20,1,,4,1,2,1,1,2,2,2,3,2,3,3,3,4,,4,,2,3,4,
2018-04-17 02:36:31,2018-04-17 02:38:43,0,100,131,1,2018-04-17 02:38:44,R_SJzSatyvFhjuOjv,anonymous,EN,1,20,1,,1,1,4,1,4,1,2,2,3,2,3,3,3,4,,3,,4,4,5,
2018-04-17 02:35:46,2018-04-17 02:39:33,0,100,226,1,2018-04-17 02:39:33,R_0xCLmC5TQXOqaQN,anonymous,EN,1,19,1,,2,2,3,3,2,3,2,2,3,3,3,3,3,4,,4,,2,2,2,
2018-04-17 02:38:23,2018-04-17 02:41:21,0,100,177,1,2018-04-17 02:41:21,R_3JJmvRvHbY3pyr1,anonymous,EN,1,24,1,,4,1,4,2,2,2,3,2,3,2,3,3,3,4,,6,,2,2,"1,4,5",
2018-04-17 02:41:05,2018-04-17 02:45:06,0,100,241,1,2018-04-17 02:45:06,R_1KjYxUOxuHhsJkN,anonymous,EN,1,22,1,,4,2,2,3,2,1,2,2,3,2,3,3,3,2,"Making repeated attempts to protect or be close to someone in a ""friendly"" manner (basically white knighting) ",6,,2,2,"1,4,5",
2018-04-17 02:43:19,2018-04-17 02:45:47,0,100,148,1,2018-04-17 02:45:47,R_2zbw95wmHAg7u31,anonymous,EN,1,18,1,,1,2,3,3,3,2,3,3,3,2,3,3,3,3,Unwanted physical touch of any kind,5,,2,2,"2,5",
2018-04-17 02:45:03,2018-04-17 02:47:20,0,100,136,1,2018-04-17 02:47:20,R_3EJZWjAY3vrQK6U,anonymous,EN,1,19,1,,2,2,3,2,2,3,2,2,3,2,3,,3,,,5,,2,2,"1,2,4,5",
2018-04-17 02:44:55,2018-04-17 02:51:51,0,100,416,1,2018-04-17 02:51:51,R_Zlgvr3tasogKA9j,anonymous,EN,1,19,1,,1,2,2,1,2,4,2,2,3,2,3,3,3,4,I accidentally clicked a rating without having anything else to add,3,,1,4,"5,6",More privacy settings in terms of who can DM you (applies to all social media platforms)
2018-04-17 02:54:36,2018-04-17 02:57:23,0,100,166,1,2018-04-17 02:57:23,R_sZ6u2DpcDewXvbj,anonymous,EN,1,22,1,,4,1,2,2,2,1,2,2,2,1,3,3,2,4,,6,,4,1,"1,3,5",
2018-04-17 02:55:07,2018-04-17 02:58:39,0,100,211,1,2018-04-17 02:58:39,R_2Vsv528pVmtbe32,anonymous,EN,1,20,1,,1,2,2,3,2,1,1,2,3,2,3,3,3,4,,4,,4,4,4,
2018-04-17 03:17:11,2018-04-17 03:20:27,0,100,195,1,2018-04-17 03:20:27,R_diNtp24ALRCXVo5,anonymous,EN,1,23,1,,1,3,3,1,2,1,1,1,3,1,3,3,3,3,All my answers are under the assumption that they are unwanted,2,,4,4,5,
2018-04-17 02:23:17,2018-04-17 03:29:02,0,100,3945,1,2018-04-17 03:29:02,R_3PtNWGmcyPbEots,anonymous,EN,1,22,1,,4,2,2,1,1,1,2,2,2,2,3,3,3,,,5,,1,1,"1,2,3,4,5",
2018-04-17 03:50:40,2018-04-17 03:52:56,0,100,135,1,2018-04-17 03:52:56,R_3HvIK3odIzNSgTN,anonymous,EN,1,18,1,,4,2,1,1,2,4,4,1,2,1,3,3,3,,,5,,4,4,"1,5",
2018-04-17 03:52:53,2018-04-17 03:55:33,0,100,159,1,2018-04-17 03:55:33,R_pLggPn0fHekCo1P,anonymous,NL,1,22,1,,4,1,3,2,3,2,2,2,2,4,3,3,2,4,,6,,4,3,4,
2018-04-17 04:04:45,2018-04-17 04:08:12,0,100,206,1,2018-04-17 04:08:12,R_2c00BVySw5G40GD,anonymous,EN,1,19,1,,1,1,2,2,3,2,2,2,3,3,3,3,3,4,,5,,1,3,1,
2018-04-17 04:23:55,2018-04-17 04:27:40,0,100,224,1,2018-04-17 04:27:40,R_31uX8X2qZ7LazxZ,anonymous,EN,1,23,1,,4,1,2,2,2,4,2,2,3,4,3,3,3,4,,6,,2,2,5,
2018-04-17 04:14:01,2018-04-17 04:28:30,0,100,869,1,2018-04-17 04:28:30,R_01WkNskJzpzP7iN,anonymous,EN,1,35,1,,1,2,3,2,2,2,2,1,2,2,3,3,3,4,,6,,2,2,6,"None ways to prevent it, maybe ways to stop it when it starts. "
2018-04-17 04:29:47,2018-04-17 04:33:09,0,100,202,1,2018-04-17 04:33:10,R_1rrJyAUzHxIrdyd,anonymous,EN,1,20,1,,2,3,3,3,3,3,1,3,3,2,3,3,3,4,,5,,2,2,3,
2018-04-17 04:41:23,2018-04-17 04:44:48,0,100,205,1,2018-04-17 04:44:49,R_SCp9rNzpX3QkjeN,anonymous,DE,1,20,1,,1,1,2,3,1,1,2,3,3,1,3,3,3,4,,2,,2,3,"2,4,5",
2018-04-17 04:44:57,2018-04-17 04:49:35,0,100,278,1,2018-04-17 04:49:35,R_1GNCp2I7ccvnQ61,anonymous,EN,1,23,1,,2,2,3,2,3,2,3,2,3,1,3,3,3,4,,6,,3,2,"1,5",
2018-04-17 05:01:41,2018-04-17 05:03:50,0,100,129,1,2018-04-17 05:03:50,R_27ec3LtmsMG6Wzv,anonymous,EN,1,30,2,,1,2,3,2,3,2,2,2,3,3,3,3,3,,,1,,2,2,6,"It could be easier if they designed concrete rules on what constitutes sexual harassment, and then had a mechanism for reporting which actually worked. Even in PMs."
2018-04-17 05:29:00,2018-04-17 05:31:07,0,100,126,1,2018-04-17 05:31:07,R_3KE0i8qTuZ6Jqx1,anonymous,EN,1,18,1,,1,1,2,2,2,2,2,2,3,2,3,3,3,4,,5,,2,2,"3,4,5",
2018-04-17 05:36:35,2018-04-17 05:39:21,0,100,165,1,2018-04-17 05:39:22,R_3g6ptsmaQegqqI5,anonymous,EN,1,24,1,,1,2,2,1,2,2,2,2,2,1,2,3,3,4,,1,,3,3,"4,5",
2018-04-17 05:46:40,2018-04-17 05:48:39,0,100,119,1,2018-04-17 05:48:40,R_7V9qyl7wvU60Gn7,anonymous,EN,1,19,1,,4,1,3,2,1,1,1,1,4,4,3,3,2,,,3,,4,4,2,
2018-04-17 05:52:43,2018-04-17 05:56:11,0,100,208,1,2018-04-17 05:56:11,R_3PSTjLHZNNKdhET,anonymous,EN,1,21,1,,1,2,2,2,2,3,3,2,3,1,3,3,3,4,,5,,2,1,4,
2018-04-17 06:05:13,2018-04-17 06:07:57,0,100,164,1,2018-04-17 06:07:58,R_qIPw66bpIBV758B,anonymous,EN,1,19,1,,1,1,2,2,1,2,1,2,2,1,3,3,3,4,,6,,2,3,"1,4,5",
2018-04-17 06:22:07,2018-04-17 06:24:31,0,100,144,1,2018-04-17 06:24:32,R_26h7C3hVpCvTpNj,anonymous,EN,1,21,1,,1,1,2,3,1,2,3,3,3,3,3,3,3,,,4,,1,2,1,
2018-04-17 06:28:04,2018-04-17 06:31:19,0,100,194,1,2018-04-17 06:31:19,R_2rNFjDD2ObQpsME,anonymous,EN,1,20,1,,1,1,2,2,2,2,3,2,2,2,3,3,3,4,,5,,2,4,"1,2",
2018-04-17 06:36:58,2018-04-17 06:39:58,0,100,180,1,2018-04-17 06:39:58,R_3QQ6IVKXuCmPG3I,anonymous,EN,1,19,1,,4,3,3,2,3,3,2,3,3,2,3,3,3,4,,5,,1,2,5,
2018-04-17 04:48:44,2018-04-17 06:41:20,0,100,6756,1,2018-04-17 06:41:20,R_3np99eDl0ghM1Sj,anonymous,EN,1,21,1,,4,1,3,2,1,2,2,1,3,2,3,3,3,4,,6,,1,2,"2,4",
2018-04-17 06:38:59,2018-04-17 06:42:57,0,100,237,1,2018-04-17 06:42:57,R_RFtNUGMQPXPr66t,anonymous,EN,1,22,1,,1,2,2,3,3,2,3,2,3,1,3,3,3,4,,3,,2,3,5,
2018-04-17 06:56:25,2018-04-17 06:58:46,0,100,140,1,2018-04-17 06:58:46,R_2Cj4rbBcgLDzJM4,anonymous,EN,1,22,1,,4,1,2,4,4,2,2,2,3,1,3,3,3,4,,6,,4,4,1,
2018-04-17 06:58:35,2018-04-17 07:01:10,0,100,154,1,2018-04-17 07:01:10,R_2aqJGZC0gS7Lsrp,anonymous,EN,1,20,1,,4,4,1,2,2,2,2,1,2,2,3,3,3,4,,4,,2,3,4,
2018-04-17 07:02:39,2018-04-17 07:06:36,0,100,236,1,2018-04-17 07:06:36,R_1eyHeTsma2Novmt,anonymous,EN,1,25,1,,2,2,3,2,2,3,3,2,3,3,3,3,3,,,6,,2,3,4,
2018-04-17 07:10:27,2018-04-17 07:14:19,0,100,231,1,2018-04-17 07:14:19,R_Wjs3ARzy7H9YCjv,anonymous,EN,1,20,1,,1,2,2,2,2,4,3,3,3,2,3,3,3,,,6,,3,3,"3,4",
2018-04-17 07:13:35,2018-04-17 07:15:54,0,100,139,1,2018-04-17 07:15:55,R_OdqoDfbrbCCY1Tb,anonymous,EN,1,21,1,,4,1,2,1,4,4,1,2,2,1,3,3,3,4,,6,,2,2,"4,5",
2018-04-17 07:14:17,2018-04-17 07:16:29,0,100,131,1,2018-04-17 07:16:29,R_1LwiJyhicRsYOb5,anonymous,EN,1,21,1,,1,2,1,2,2,2,2,2,3,3,3,3,3,,,3,,2,2,1,
2018-04-17 07:05:03,2018-04-17 07:18:39,0,100,815,1,2018-04-17 07:18:39,R_277o5wg8lWF1xkB,anonymous,EN,1,21,2,,1,2,1,1,3,4,1,1,3,2,3,3,3,,,6,,3,4,2,
2018-04-17 07:18:12,2018-04-17 07:20:11,0,100,119,1,2018-04-17 07:20:12,R_3KItCXpEwX8SGxc,anonymous,EN,1,22,1,,2,2,2,3,2,3,3,2,3,2,3,3,3,4,,1,,4,4,"1,2,4",
2018-04-17 07:17:44,2018-04-17 07:20:58,0,100,193,1,2018-04-17 07:20:58,R_3snTyyAxbgNICh8,anonymous,EN,1,20,1,,1,1,2,2,2,1,2,2,3,2,3,3,3,4,,4,,1,3,1,
2018-04-17 07:22:01,2018-04-17 07:24:38,0,100,156,1,2018-04-17 07:24:38,R_2fwkVQFSd1Jbg5J,anonymous,EN,1,20,1,,1,2,1,1,3,3,3,1,2,1,3,3,3,,,5,,2,4,1,
2018-04-17 07:32:00,2018-04-17 07:34:47,0,100,167,1,2018-04-17 07:34:47,R_YVKdfOnVTu5OgAF,anonymous,EN,1,18,1,,1,2,3,3,2,3,3,2,3,3,3,3,3,4,,6,,3,3,5,
2018-04-17 07:32:41,2018-04-17 07:34:52,0,100,130,1,2018-04-17 07:34:52,R_2CrJ8ibPxNEID3c,anonymous,EN,1,19,1,,1,2,3,2,2,2,2,2,3,2,3,3,3,1,,6,,1,2,4,
2018-04-17 06:46:20,2018-04-17 07:35:26,0,100,2946,1,2018-04-17 07:35:26,R_2aKOpFmQpPp56Qq,anonymous,EN,1,19,1,,4,4,2,4,4,4,1,4,4,4,2,2,2,4,,6,,3,3,6,I think most cases of sexual harassment through social media is not anything serious as you can block people. I think the only way there can be sexual harassment charges is if the reciever is under aged or they threaten to hurt someone.
2018-04-17 07:41:49,2018-04-17 07:44:21,0,100,152,1,2018-04-17 07:44:22,R_1FS6zdOWi09vD1E,anonymous,EN,1,22,1,,1,3,3,3,3,2,3,3,3,2,3,3,3,,,6,,3,3,5,
2018-04-17 07:44:40,2018-04-17 07:47:07,0,100,146,1,2018-04-17 07:47:07,R_D1anTnGEbegoWWJ,anonymous,EN,1,20,1,,1,3,3,3,3,4,2,3,3,2,3,3,3,4,,4,,4,2,"1,5",
2018-04-17 07:45:40,2018-04-17 07:48:22,0,100,162,1,2018-04-17 07:48:22,R_2bPJu38F2b3Drwk,anonymous,EN,1,19,1,,1,2,3,3,3,2,3,2,2,2,3,3,3,4,,5,,2,3,5,
2018-04-17 07:46:33,2018-04-17 07:48:56,0,100,143,1,2018-04-17 07:48:57,R_3ni9LTnwAA9YA7I,anonymous,EN,1,22,1,,4,1,1,2,1,1,2,1,2,1,2,3,2,,,3,,2,2,4,
2018-04-17 07:46:14,2018-04-17 07:49:16,0,100,182,1,2018-04-17 07:49:17,R_5mzwcQ0lbmc7G2R,anonymous,EN,1,21,1,,4,2,1,2,3,2,3,2,3,2,3,2,3,4,,5,,4,4,3,
2018-04-17 07:47:34,2018-04-17 07:49:48,0,100,133,1,2018-04-17 07:49:48,R_r2oJNGtjYt9fih3,anonymous,EN,1,19,1,,4,1,2,2,1,1,3,2,3,2,3,3,3,,,6,,3,2,5,
2018-04-17 07:47:23,2018-04-17 07:50:01,0,100,158,1,2018-04-17 07:50:02,R_3lJICW9nyzjNO6G,anonymous,EN,1,18,1,,1,2,3,2,3,2,3,3,3,2,3,3,3,4,,5,,1,4,4,
2018-04-17 07:47:28,2018-04-17 07:50:27,0,100,179,1,2018-04-17 07:50:28,R_2sQCVNWgqxSXeNA,anonymous,EN,1,20,1,,4,1,1,2,2,2,3,1,3,4,3,3,3,4,,6,,4,1,2,
2018-04-17 07:47:30,2018-04-17 07:51:13,0,100,222,1,2018-04-17 07:51:13,R_3dKRkhDBCBwW30z,anonymous,EN,1,19,1,,4,1,2,2,2,4,2,1,2,4,3,4,3,4,"If it’s consensual it’s not sexual harassment. ",5,,3,4,3,
2018-04-17 07:52:36,2018-04-17 07:55:23,0,100,167,1,2018-04-17 07:55:23,R_pLDvvxDCiCimtYR,anonymous,EN,1,19,1,,4,2,1,1,1,2,2,1,3,2,3,3,3,4,,5,,2,4,4,
2018-04-17 08:06:32,2018-04-17 08:09:48,0,100,196,1,2018-04-17 08:09:49,R_3kojM5U44IqxiXt,anonymous,EN,1,20,1,,1,2,1,1,2,4,3,2,3,2,3,3,3,4,,6,,2,2,"2,4",
2018-04-17 08:12:06,2018-04-17 08:14:30,0,100,143,1,2018-04-17 08:14:30,R_1QtpHyAf0v8P8qK,anonymous,EN,1,19,1,,4,4,1,2,3,2,3,3,3,3,3,3,3,4,,4,,2,3,4,
2018-04-17 08:11:55,2018-04-17 08:15:03,0,100,188,1,2018-04-17 08:15:04,R_3HS9gZO0UFBj9O8,anonymous,EN,1,19,1,,1,1,3,2,2,2,2,2,3,3,3,3,3,4,,3,,4,4,1,
2018-04-17 08:12:11,2018-04-17 08:15:59,0,100,227,1,2018-04-17 08:15:59,R_129oED4jaZLWuA7,anonymous,EN,1,20,1,,1,2,1,1,4,2,1,4,3,2,3,3,3,4,,6,,3,3,4,
2018-04-17 08:21:30,2018-04-17 08:23:46,0,100,135,1,2018-04-17 08:23:46,R_23gc7zh76ahnHIG,anonymous,EN,1,19,1,,4,1,2,1,4,4,1,1,1,4,2,2,2,,,5,,3,3,5,
2018-04-17 08:23:48,2018-04-17 08:25:54,0,100,126,1,2018-04-17 08:25:54,R_20OPNXd0Isrr7kg,anonymous,EN,1,20,1,,1,2,2,1,1,2,2,2,2,1,2,3,3,4,,5,,4,4,"1,4",
2018-04-17 08:24:27,2018-04-17 08:26:38,0,100,130,1,2018-04-17 08:26:38,R_1FEYJr45BX948qf,anonymous,EN,1,18,1,,4,1,2,2,2,1,1,2,3,2,3,3,3,,,6,,3,4,5,
2018-04-17 08:21:21,2018-04-17 08:27:56,0,100,395,1,2018-04-17 08:27:56,R_1N3sKko7Kzl2CKi,anonymous,EN,1,20,1,,4,2,2,3,3,3,3,1,3,3,3,3,3,4,,6,,2,3,"1,2,5",
2018-04-17 08:27:46,2018-04-17 08:30:08,0,100,141,1,2018-04-17 08:30:08,R_w4PvKOmPbJMrMk1,anonymous,EN,1,20,1,,4,1,1,2,2,4,1,4,1,4,2,3,3,4,,5,,3,3,4,
2018-04-17 08:29:56,2018-04-17 08:31:59,0,100,122,1,2018-04-17 08:32:00,R_020qDk2oqlaJexj,anonymous,EN,1,19,1,,1,1,2,1,1,1,2,2,2,1,2,3,2,4,N/A,3,,4,3,"1,4,5",
2018-04-17 08:29:00,2018-04-17 08:32:45,0,100,224,1,2018-04-17 08:32:45,R_1DBg4dPWqtTzlqN,anonymous,EN,1,18,1,,1,2,2,3,3,2,3,3,3,2,3,3,3,4,,4,,2,3,"4,5",
2018-04-17 08:31:26,2018-04-17 08:35:56,0,100,270,1,2018-04-17 08:35:56,R_23UMhp6wVC7A70d,anonymous,EN,1,21,1,,4,2,2,2,3,4,2,2,3,1,3,3,3,4,"Offering goods (drinks/food)

Like Monica, I'm offering you a drink not asking for your room number. ",6,,2,2,"1,3",
2018-04-17 08:32:50,2018-04-17 08:37:24,0,100,273,1,2018-04-17 08:37:24,R_21bMiEYnpLNiKaq,anonymous,EN,1,19,1,,1,2,3,2,1,1,3,1,3,2,3,3,2,4,.,4,,2,3,"4,5",
2018-04-17 08:36:09,2018-04-17 08:38:53,0,100,164,1,2018-04-17 08:38:53,R_1rxkd58iZ0DgwUb,anonymous,EN,1,22,1,,1,2,2,1,1,2,1,2,3,4,3,3,2,4,,3,,4,4,4,
2018-04-17 08:38:11,2018-04-17 08:40:19,0,100,128,1,2018-04-17 08:40:20,R_0IdRLszU5UmPwMV,anonymous,EN,1,18,1,,2,2,3,3,3,2,3,3,3,2,3,3,3,,,5,,4,4,4,
2018-04-17 08:39:17,2018-04-17 08:41:20,0,100,123,1,2018-04-17 08:41:20,R_3im8ayfX7eFZrHR,anonymous,EN,1,20,1,,1,3,2,3,2,2,3,3,3,3,3,3,3,4,,6,,1,2,2,
2018-04-17 08:38:59,2018-04-17 08:41:23,0,100,144,1,2018-04-17 08:41:23,R_XZcd9uvePt2hT3j,anonymous,EN,1,20,1,,4,1,2,4,1,4,4,4,3,1,2,3,3,4,,5,,1,3,5,
2018-04-17 08:36:34,2018-04-17 08:41:35,0,100,300,1,2018-04-17 08:41:35,R_xyAUjZKQy0h5Iu5,anonymous,EN,1,23,1,,4,4,2,2,2,2,2,3,2,2,3,3,3,4,,2,,4,4,4,
2018-04-17 08:38:07,2018-04-17 08:42:07,0,100,240,1,2018-04-17 08:42:07,R_3kk8wquVg16VHQo,anonymous,EN,1,25,1,,1,2,3,2,2,2,3,2,3,3,3,3,3,4,,1,,3,3,4,
2018-04-17 08:43:52,2018-04-17 08:45:43,0,100,110,1,2018-04-17 08:45:43,R_24jI7I5JzVAH7YI,anonymous,EN,1,20,1,,1,2,3,2,2,2,2,2,2,2,3,3,3,,,5,,2,4,"1,2,4,5",
2018-04-17 08:44:22,2018-04-17 08:46:05,0,100,103,1,2018-04-17 08:46:06,R_yrxbnqyGRwaTIeB,anonymous,EN,1,20,1,,1,2,2,1,4,2,3,2,3,2,3,3,3,4,,3,,2,2,5,
2018-04-17 08:52:48,2018-04-17 08:54:54,0,100,126,1,2018-04-17 08:54:55,R_2U3ityNm0b8y94f,anonymous,EN,1,19,1,,2,2,3,3,3,3,3,3,3,3,3,3,3,,,6,,4,2,5,
2018-04-17 08:53:29,2018-04-17 08:55:44,0,100,134,1,2018-04-17 08:55:44,R_3lGjTi4NguLsJIv,anonymous,EN,1,27,1,,1,2,2,2,1,4,2,2,4,4,3,3,2,,,6,,2,4,"4,5",
2018-04-17 08:51:47,2018-04-17 08:55:49,0,100,242,1,2018-04-17 08:55:50,R_3iI8thCRQqo9ATr,anonymous,EN,1,27,1,,2,3,3,3,3,2,2,3,3,1,3,3,4,4,,1,,2,2,4,
2018-04-17 08:54:12,2018-04-17 08:57:29,0,100,197,1,2018-04-17 08:57:29,R_3kB2foxHcvqkHYk,anonymous,EN,1,19,1,,1,1,3,2,1,1,1,1,3,2,3,3,3,4,,6,,2,3,1,
2018-04-17 08:59:52,2018-04-17 09:02:23,0,100,151,1,2018-04-17 09:02:24,R_1j7A45XgnO2cxW8,anonymous,EN,1,20,1,,1,2,3,1,1,4,1,2,2,2,3,3,3,,,6,,4,1,"2,3",
2018-04-17 08:58:34,2018-04-17 09:03:51,0,100,316,1,2018-04-17 09:03:51,R_12PylPh6IIBndNp,anonymous,EN,1,25,1,,4,4,1,1,1,4,4,4,1,4,1,2,2,4,,6,,3,3,6,"none. definitely don't want any increased sexual harassment ads, stricter regulations, more news about sexual harassment, etc."
2018-04-17 09:02:18,2018-04-17 09:04:26,0,100,127,1,2018-04-17 09:04:26,R_3Rm7poyyTg4xtkw,anonymous,EN,1,20,1,,2,3,3,2,2,2,2,3,3,2,3,3,3,,,6,,2,2,"3,4,5",
2018-04-17 09:03:37,2018-04-17 09:06:02,0,100,145,1,2018-04-17 09:06:03,R_2v5OgpoiuuTACOR,anonymous,EN,1,20,1,,4,2,2,1,1,1,2,3,3,4,3,3,3,4,,4,,2,4,5,
2018-04-17 09:06:43,2018-04-17 09:09:03,0,100,140,1,2018-04-17 09:09:03,R_vjLd8RrkqcnYQoN,anonymous,EN,1,19,1,,1,2,3,2,2,2,2,3,3,2,3,3,3,,,5,,2,3,4,
2018-04-17 09:06:43,2018-04-17 09:09:10,0,100,147,1,2018-04-17 09:09:10,R_1Ia4lbEKVnI4OlQ,anonymous,EN,1,18,1,,2,3,3,1,2,3,3,3,3,3,3,3,3,4,,5,,1,3,4,
2018-04-17 09:15:25,2018-04-17 09:17:27,0,100,121,1,2018-04-17 09:17:28,R_3CN4qtgpixH3oEu,anonymous,EN,1,18,1,,1,2,2,2,2,2,2,2,3,2,3,3,2,4,,5,,2,1,6,No way
2018-04-17 09:20:39,2018-04-17 09:22:52,0,100,133,1,2018-04-17 09:22:52,R_3qvwRP51ElZsuvT,anonymous,EN,1,21,2,,1,2,3,2,3,1,2,2,3,3,3,3,3,4,,4,,3,2,4,
2018-04-17 09:24:56,2018-04-17 09:26:38,0,100,102,1,2018-04-17 09:26:39,R_C7adfEYXdBaORP3,anonymous,EN,1,19,1,,4,1,3,2,2,2,3,2,3,2,3,3,3,,,5,,3,1,2,
2018-04-17 09:25:50,2018-04-17 09:29:51,0,100,240,1,2018-04-17 09:29:51,R_1Fs7xRentSc9qa8,anonymous,EN,1,22,1,,1,3,2,2,2,2,3,1,3,1,3,3,3,4,,3,,2,3,4,
2018-04-17 09:29:49,2018-04-17 09:32:00,0,100,131,1,2018-04-17 09:32:01,R_3dGjnOyztPxyLAJ,anonymous,EN,1,21,1,,4,1,2,4,4,4,1,1,1,1,3,3,2,,,5,,3,4,2,
2018-04-17 09:32:38,2018-04-17 09:34:30,0,100,111,1,2018-04-17 09:34:30,R_cvz0homBI5ALTk5,anonymous,EN,1,20,1,,1,2,3,3,2,4,1,1,3,2,3,3,3,,,6,,3,3,5,
2018-04-17 09:32:28,2018-04-17 09:35:22,0,100,173,1,2018-04-17 09:35:22,R_2uP6JTcHZBN5KJW,anonymous,EN,1,21,1,,4,1,2,4,1,2,1,1,2,1,3,3,2,,,3,,1,4,5,
2018-04-17 09:33:32,2018-04-17 09:37:19,0,100,226,1,2018-04-17 09:37:19,R_1jqb5GwAhG9JjTP,anonymous,EN,1,19,1,,1,1,2,2,1,4,2,1,3,2,3,3,3,4,No,3,,2,2,"1,4",
2018-04-17 09:36:58,2018-04-17 09:39:20,0,100,141,1,2018-04-17 09:39:20,R_DqLhDPuRG5vaD7j,anonymous,EN,1,20,1,,1,2,2,2,2,3,3,2,3,2,3,3,3,4,,3,,2,3,"1,4,5",
2018-04-17 09:37:44,2018-04-17 09:39:39,0,100,114,1,2018-04-17 09:39:39,R_Dozad0uA8yctOsV,anonymous,EN,1,21,1,,4,2,3,2,2,1,3,3,2,1,3,3,2,,,1,,2,4,"1,2,6","AI that detects harrasment "
2018-04-17 09:40:55,2018-04-17 09:44:36,0,100,220,1,2018-04-17 09:44:36,R_2vYedsg7GcjUlZo,anonymous,EN,1,21,1,,2,2,3,3,1,2,3,3,3,3,3,3,3,4,,8,GroupMe,4,4,4,
2018-04-17 09:44:53,2018-04-17 09:47:32,0,100,158,1,2018-04-17 09:47:33,R_3fViiZjlObIWFQ4,anonymous,EN,1,21,1,,2,2,3,3,2,2,3,3,3,2,3,3,3,4,"None ",5,,1,2,1,
2018-04-17 09:45:49,2018-04-17 09:48:14,0,100,145,1,2018-04-17 09:48:14,R_1gILJqcmmwFPvoA,anonymous,EN,1,22,1,,1,2,3,3,3,2,4,3,4,3,4,4,4,1,,4,,1,2,2,
2018-04-17 09:52:29,2018-04-17 09:54:17,0,100,108,1,2018-04-17 09:54:18,R_da8lDtNUVXSnern,anonymous,EN,1,19,1,,4,1,2,4,4,4,1,4,1,1,3,3,2,,,4,,2,2,"1,4,5",
2018-04-17 09:55:14,2018-04-17 09:57:04,0,100,110,1,2018-04-17 09:57:05,R_9n6HnHhiegF9REl,anonymous,EN,1,19,1,,1,2,3,3,2,2,1,2,3,2,3,3,3,,,5,,2,2,4,
2018-04-17 09:57:32,2018-04-17 10:01:48,0,100,256,1,2018-04-17 10:01:49,R_1dxZRqdCy7bVp5F,anonymous,EN,1,20,1,,4,4,4,4,1,1,1,4,2,4,3,3,2,4,,5,,2,1,5,
2018-04-17 09:59:21,2018-04-17 10:04:42,0,100,320,1,2018-04-17 10:04:42,R_ve60zahN6IpUVWx,anonymous,EN,1,22,1,,1,2,3,2,2,1,1,4,3,4,3,3,2,4,,5,,2,4,1,
2018-04-17 10:08:08,2018-04-17 10:10:43,0,100,154,1,2018-04-17 10:10:43,R_3oKQGBrefeAxOO6,anonymous,EN,1,19,1,,4,2,1,1,3,2,3,2,2,1,3,3,3,4,,4,,4,2,"2,5",
2018-04-17 10:13:43,2018-04-17 10:16:22,0,100,159,1,2018-04-17 10:16:22,R_YWHvtc4RqkJtaEx,anonymous,EN,1,19,1,,1,1,4,1,2,2,1,1,2,1,3,3,2,,,5,,2,4,5,
2018-04-17 10:17:36,2018-04-17 10:20:15,0,100,159,1,2018-04-17 10:20:15,R_37tNxanWqDaj72x,anonymous,EN,1,20,1,,1,2,2,3,3,3,3,2,3,1,3,3,3,4,,6,,2,3,5,
2018-04-17 10:19:34,2018-04-17 10:22:15,0,100,160,1,2018-04-17 10:22:15,R_1goTtEZrEqNlWjp,anonymous,EN,1,21,1,,1,3,3,2,2,2,3,3,3,2,3,3,3,3,Dancing on someone without asking,6,,4,4,5,
2018-04-17 10:26:17,2018-04-17 10:30:42,0,100,265,1,2018-04-17 10:30:43,R_1rJOR6O05S2hO7R,anonymous,EN,1,19,1,,1,2,3,2,2,2,3,2,3,1,3,3,2,,,1,,2,4,3,
2018-04-17 10:30:19,2018-04-17 10:34:52,0,100,273,1,2018-04-17 10:34:52,R_1lghzkWFE3I2bVm,anonymous,EN,1,18,1,,4,2,2,2,2,4,1,1,2,1,3,3,3,4,,5,,2,3,"4,5",
2018-04-17 10:32:14,2018-04-17 10:35:57,0,100,222,1,2018-04-17 10:35:57,R_1DZHqix3rRKpk2i,anonymous,EN,1,21,1,,1,2,2,1,4,2,1,1,3,1,3,3,3,4,N/A,3,,1,3,"4,5,6","Zero Tolerance Policies that, upon having proof of sexual harassment, lock further messages from the IP address of the sender"
2018-04-17 10:39:09,2018-04-17 10:41:47,0,100,157,1,2018-04-17 10:41:47,R_33r3uoaDjyYRkHL,anonymous,EN,1,19,1,,4,1,2,3,2,3,3,2,3,3,3,3,3,2,,6,,3,2,4,
2018-04-17 10:51:12,2018-04-17 10:53:15,0,100,122,1,2018-04-17 10:53:15,R_3NEPwxycxu0Va3B,anonymous,EN,1,23,1,,1,2,1,2,3,4,2,1,3,3,3,3,3,4,,1,,4,4,2,
2018-04-17 10:56:18,2018-04-17 10:58:23,0,100,124,1,2018-04-17 10:58:23,R_33Bd4TJv0xaw6k9,anonymous,EN,1,18,1,,1,2,2,3,2,2,3,2,3,2,3,3,3,4,,3,,2,3,4,
2018-04-17 10:55:37,2018-04-17 10:58:26,0,100,169,1,2018-04-17 10:58:26,R_2Vl4jetHbQoX7yV,anonymous,EN,1,20,1,,2,2,3,1,1,1,2,2,2,2,3,3,2,4,,6,,2,3,"4,5",
2018-04-17 10:56:06,2018-04-17 10:58:48,0,100,162,1,2018-04-17 10:58:48,R_svXgrrbYfws5nnr,anonymous,EN,1,20,1,,2,1,2,3,3,3,3,2,3,2,3,3,3,,,6,,4,4,4,
2018-04-17 10:58:56,2018-04-17 11:00:51,0,100,114,1,2018-04-17 11:00:51,R_8lkIGX6gKWSulXj,anonymous,EN,1,19,1,,1,2,3,3,2,2,3,2,2,2,3,3,3,4,,4,,2,3,"2,3,4,5",
2018-04-17 11:04:02,2018-04-17 11:06:49,0,100,167,1,2018-04-17 11:06:50,R_1FGLPkW0cmWqoJb,anonymous,EN,1,24,1,,2,2,2,3,3,3,3,3,3,3,3,3,3,,,1,,2,3,"2,4,5",
2018-04-17 11:05:33,2018-04-17 11:09:09,0,100,215,1,2018-04-17 11:09:09,R_3n0Yb8U2JO4nYws,anonymous,EN,1,21,1,,1,2,2,1,2,1,2,2,2,1,3,3,2,,,5,,4,4,"1,4",
2018-04-17 11:09:17,2018-04-17 11:10:36,0,100,78,1,2018-04-17 11:10:36,R_31nmaGtLMLnREug,anonymous,EN,1,21,1,,1,1,2,2,2,2,3,3,3,4,3,3,2,4,,6,,1,1,"4,5",
2018-04-17 11:09:19,2018-04-17 11:11:40,0,100,141,1,2018-04-17 11:11:40,R_1DwHvI3rRrktrg5,anonymous,EN,1,18,1,,1,1,3,3,2,2,2,2,3,3,3,3,3,,,5,,2,4,1,
2018-04-17 11:08:53,2018-04-17 11:13:09,0,100,256,1,2018-04-17 11:13:10,R_22VcKeiMfGkXkca,anonymous,EN,1,20,1,,4,4,4,4,1,2,1,4,3,4,2,2,2,1,,3,,3,3,5,
2018-04-17 11:12:06,2018-04-17 11:15:19,0,100,193,1,2018-04-17 11:15:20,R_33jnC6tXQtitp3l,anonymous,EN,1,28,1,,4,4,3,2,2,1,3,2,2,2,2,3,2,,,3,,2,3,6,There's really nothing that can mitigate sexual harrassment short of removing a substantial amount of control from the user base.
2018-04-17 11:13:13,2018-04-17 11:15:39,0,100,145,1,2018-04-17 11:15:39,R_0l9GG9pAYVBSrD3,anonymous,EN,1,22,1,,1,3,3,3,2,1,2,2,3,2,3,3,3,4,,6,,2,4,2,
2018-04-17 11:24:00,2018-04-17 11:25:48,0,100,108,1,2018-04-17 11:25:49,R_3LbgbmIzBvzdEHl,anonymous,EN,1,21,1,,1,2,2,3,2,3,2,3,3,2,3,3,3,4,,6,,2,3,"1,4,5",
2018-04-17 11:24:06,2018-04-17 11:25:57,0,100,111,1,2018-04-17 11:25:57,R_se8fRkvHuudy9hv,anonymous,EN,1,19,1,,4,2,2,3,3,1,3,3,3,3,3,3,3,,,5,,1,2,4,
2018-04-17 11:24:10,2018-04-17 11:26:36,0,100,145,1,2018-04-17 11:26:36,R_3emOcB7cgRutPPw,anonymous,EN,1,20,1,,1,2,2,3,3,4,2,2,3,3,3,3,3,,,5,,1,3,4,
2018-04-17 11:25:49,2018-04-17 11:28:21,0,100,151,1,2018-04-17 11:28:21,R_211GgrClnWpdM1d,anonymous,EN,1,19,1,,4,4,1,1,4,1,1,1,2,1,2,3,2,4,,6,,4,4,5,
2018-04-17 11:25:26,2018-04-17 11:28:23,0,100,177,1,2018-04-17 11:28:24,R_2zFJVRzXMUbzsil,anonymous,EN,1,25,1,,4,1,2,1,1,1,3,2,3,1,3,3,2,4,,3,,3,3,"1,4,5",
2018-04-17 11:27:58,2018-04-17 11:29:11,0,100,73,1,2018-04-17 11:29:11,R_3holKW6eh3nlLED,anonymous,EN,1,24,2,,2,2,3,2,2,2,2,2,2,2,3,3,3,,,6,,1,2,"1,2",
2018-04-17 11:26:35,2018-04-17 11:30:22,0,100,226,1,2018-04-17 11:30:22,R_3lGFIr5JxkFiYvK,anonymous,EN,1,20,1,,1,2,3,3,3,2,3,2,3,1,3,3,3,4,,5,,1,2,5,
2018-04-17 11:27:56,2018-04-17 11:31:38,0,100,221,1,2018-04-17 11:31:38,R_3p9b2oW8bCxHWL7,anonymous,EN,1,22,1,,1,1,2,3,2,1,2,2,3,1,3,3,2,4,,5,,2,2,"4,5",
2018-04-17 11:32:08,2018-04-17 11:34:27,0,100,139,1,2018-04-17 11:34:27,R_083TWVrc39Ps7hT,anonymous,EN,1,19,1,,4,1,1,2,2,3,3,2,3,1,3,3,3,,,4,,2,3,"4,5",
2018-04-17 11:32:21,2018-04-17 11:35:24,0,100,182,1,2018-04-17 11:35:24,R_332tru5fEnLfMtH,anonymous,EN,1,22,1,,4,1,1,4,4,2,1,4,2,4,3,3,3,4,,5,,4,4,6,You can’t
2018-04-17 11:36:37,2018-04-17 11:40:24,0,100,226,1,2018-04-17 11:40:24,R_2R4iN89YJ6ahtCk,anonymous,EN,1,21,1,,1,2,3,2,3,3,3,2,3,2,3,3,3,4,,4,,2,2,"1,2,3,4,5",
2018-04-17 11:38:50,2018-04-17 11:40:30,0,100,99,1,2018-04-17 11:40:30,R_30lfZqXwnODddh6,anonymous,EN,1,20,1,,1,2,3,2,1,2,2,2,3,2,3,3,3,1,,1,,2,3,4,
2018-04-17 11:39:03,2018-04-17 11:40:35,0,100,91,1,2018-04-17 11:40:35,R_3lQVCoOGSIi3OZo,anonymous,EN,1,21,1,,4,2,3,3,3,1,3,3,2,2,3,3,3,4,no,2,,4,4,1,
2018-04-17 11:42:38,2018-04-17 11:44:24,0,100,105,1,2018-04-17 11:44:24,R_2b0IhvrSydnmyXr,anonymous,EN,1,24,1,,4,1,2,2,2,4,3,2,3,2,3,3,3,,,6,,4,3,1,
2018-04-17 11:48:26,2018-04-17 11:51:20,0,100,174,1,2018-04-17 11:51:21,R_2tnxuhPukjm2qSW,anonymous,EN,1,39,1,,1,1,2,2,2,1,2,2,3,2,3,3,3,1,,1,,2,3,4,
2018-04-17 11:46:09,2018-04-17 11:52:43,0,100,394,1,2018-04-17 11:52:43,R_3CW9LDADSnDYzdY,anonymous,EN,1,22,1,,1,1,1,2,2,2,2,2,3,2,3,3,3,,,5,,2,2,"1,6","Ability to report harassment, which would lead to immediate blocking and temporary account freeze till user is educated about their behaviour "
2018-04-17 11:50:58,2018-04-17 11:53:39,0,100,160,1,2018-04-17 11:53:39,R_2EnQoMNzfIN3gKn,anonymous,EN,1,19,2,,1,2,3,2,2,4,2,3,3,1,3,3,3,4,,3,,3,3,"1,4,5",
2018-04-17 11:58:35,2018-04-17 12:03:31,0,100,295,1,2018-04-17 12:03:32,R_1FxpeHvB88VjDIb,anonymous,NL,1,21,1,,1,1,1,4,4,2,3,1,3,1,3,2,2,4,,5,,1,4,3,
2018-04-17 11:48:10,2018-04-17 12:03:44,0,100,934,1,2018-04-17 12:03:45,R_1DUaNQ8Q93RV2hN,anonymous,EN,1,19,1,,1,2,2,3,3,2,3,2,3,2,3,3,3,4,,5,,2,3,1,
2018-04-17 12:02:15,2018-04-17 12:07:14,0,100,299,1,2018-04-17 12:07:15,R_QaWaCew6O0qy8WB,anonymous,EN,1,20,1,,1,1,2,4,2,1,1,1,2,2,3,3,3,,,3,,2,3,2,
2018-04-17 12:08:27,2018-04-17 12:11:53,0,100,205,1,2018-04-17 12:11:53,R_4SgFuQVLDALajUB,anonymous,EN,1,20,1,,4,1,2,1,1,1,2,1,2,1,3,3,1,,,4,,2,2,"4,5",
2018-04-17 12:14:49,2018-04-17 12:17:27,0,100,157,1,2018-04-17 12:17:27,R_2VlsE2uwchdG879,anonymous,EN,1,20,1,,1,3,2,3,3,2,3,3,3,2,3,3,3,3,"“Accidental” touching ",4,,2,2,"3,4",
2018-04-17 12:23:25,2018-04-17 12:27:43,0,100,257,1,2018-04-17 12:27:44,R_2QDJFe0FFWmi574,anonymous,EN,1,19,1,,1,2,2,2,2,1,2,2,3,2,3,3,3,4,,6,,2,3,1,
2018-04-17 12:23:28,2018-04-17 12:27:52,0,100,263,1,2018-04-17 12:27:52,R_1mRu96DCASM7WrI,anonymous,EN,1,19,2,,2,2,3,2,2,2,2,2,2,2,3,3,3,,,5,,1,4,"1,4",
2018-04-17 12:23:49,2018-04-17 12:28:26,0,100,276,1,2018-04-17 12:28:26,R_2PogZNUcKnU2Asd,anonymous,EN,1,19,1,,1,2,2,1,2,1,2,1,3,2,3,3,3,,,5,,1,4,"4,5,6","Could be quicker to use harsh punishments like account banning. Also, steps could be taken to prevent malicious users from creating new accounts and repeating the behavior."
2018-04-17 12:25:29,2018-04-17 12:28:53,0,100,203,1,2018-04-17 12:28:53,R_33D8gR8VF2Jo50I,anonymous,EN,1,20,1,,4,1,2,1,1,1,3,2,3,1,3,3,3,4,Idk,1,,3,3,3,
2018-04-17 12:25:53,2018-04-17 12:30:12,0,100,259,1,2018-04-17 12:30:13,R_3kbJ7vRFgnlDD3k,anonymous,EN,1,21,1,,4,2,3,2,4,2,2,2,3,1,3,3,3,,,5,,2,2,"4,5",
2018-04-17 12:28:23,2018-04-17 12:30:51,0,100,148,1,2018-04-17 12:30:51,R_3rP0qbJcon60XFP,anonymous,EN,1,21,1,,4,1,2,1,4,1,2,1,2,4,3,3,3,4,NA,6,,3,3,6,They do all of this
2018-04-17 12:30:23,2018-04-17 12:33:14,0,100,171,1,2018-04-17 12:33:14,R_b2skiFn18ReAE8N,anonymous,EN,1,27,1,,4,4,1,1,4,1,4,1,2,2,3,3,3,,,1,,4,3,"4,5",
2018-04-17 12:27:22,2018-04-17 12:33:18,0,100,355,1,2018-04-17 12:33:18,R_25uSPAMSd4EdHs8,anonymous,EN,1,21,1,,1,2,3,3,3,4,2,2,1,1,3,3,3,4,,4,,4,3,4,
2018-04-17 12:31:48,2018-04-17 12:33:29,0,100,101,1,2018-04-17 12:33:29,R_sRaB0lYBDfCxe1P,anonymous,EN,1,20,1,,1,2,2,2,1,3,3,3,3,3,3,3,3,4,,3,,2,2,"1,2,3",
2018-04-17 12:32:36,2018-04-17 12:35:12,0,100,155,1,2018-04-17 12:35:12,R_cOnD0TiQKfXtQOd,anonymous,EN,1,19,1,,2,3,3,3,2,3,3,2,1,1,3,3,3,,,5,,2,1,"4,5",
2018-04-17 12:38:43,2018-04-17 12:40:32,0,100,108,1,2018-04-17 12:40:32,R_1MMtWg73djkdM0G,anonymous,EN,1,20,1,,2,2,1,2,2,3,3,2,3,3,3,3,3,,,4,,2,3,5,
2018-04-17 12:40:57,2018-04-17 12:43:39,0,100,162,1,2018-04-17 12:43:39,R_3qpxBqjdKpGpijS,anonymous,EN,1,24,1,,4,1,1,2,2,2,2,3,3,2,3,3,2,4,,3,,2,4,5,
2018-04-17 12:48:47,2018-04-17 12:51:14,0,100,146,1,2018-04-17 12:51:14,R_3PUm4AC8rdYM7HI,anonymous,EN,1,22,1,,1,2,2,2,2,2,2,2,3,3,3,3,3,,,6,,2,3,"2,4,5,6",Requiring moderators to ban users for instances of sexual harassment.
2018-04-17 12:51:04,2018-04-17 12:53:17,0,100,133,1,2018-04-17 12:53:18,R_3KqZ1WqJWoBMoG0,anonymous,EN,1,21,1,,1,2,3,2,2,1,1,1,1,2,3,3,3,,,3,,4,4,4,
2018-04-17 12:56:43,2018-04-17 12:59:11,0,100,147,1,2018-04-17 12:59:11,R_1ptcUWa0mowcLC2,anonymous,EN,1,23,1,,1,1,4,1,4,1,4,2,2,1,3,3,3,,,3,,2,2,"1,2,5",
2018-04-17 12:58:32,2018-04-17 13:01:25,0,100,173,1,2018-04-17 13:01:26,R_12LaHLZhD4hzio0,anonymous,EN,1,19,1,,4,1,3,2,2,1,2,2,2,2,3,3,2,4,,6,,3,2,1,
2018-04-17 13:10:02,2018-04-17 13:12:18,0,100,136,1,2018-04-17 13:12:18,R_3CHnCgrPMiI4jhq,anonymous,EN,1,21,1,,2,3,3,2,2,2,3,3,3,2,3,3,3,4,,3,,2,3,"1,2,4,5",
2018-04-17 13:10:49,2018-04-17 13:13:32,0,100,163,1,2018-04-17 13:13:32,R_2ALTuz1JwVeNDhA,anonymous,EN,1,20,1,,4,1,1,2,2,4,4,4,1,1,2,2,2,,,5,,1,1,"1,2,5",
2018-04-17 13:13:06,2018-04-17 13:15:57,0,100,170,1,2018-04-17 13:15:57,R_1QnnkP1ajO6zgD3,anonymous,EN,1,21,1,,1,2,3,2,1,1,1,4,4,2,3,3,3,4,,6,,3,3,4,
2018-04-17 13:15:28,2018-04-17 13:18:04,0,100,156,1,2018-04-17 13:18:04,R_2rrp16sNNRjPG4t,anonymous,EN,1,25,1,,4,4,4,1,1,4,1,1,2,1,2,2,2,,,5,,4,4,,
2018-04-17 13:21:20,2018-04-17 13:23:37,0,100,137,1,2018-04-17 13:23:37,R_cSIQnrX264p3ZJf,anonymous,EN,1,21,1,,4,1,2,3,2,3,3,2,3,3,3,3,3,,,6,,3,2,"1,4",
2018-04-17 13:22:12,2018-04-17 13:24:24,0,100,131,1,2018-04-17 13:24:24,R_3fl2ZDpA13YRBT2,anonymous,EN,1,20,1,,1,2,3,3,2,3,3,3,3,1,3,3,3,,,3,,4,3,4,
2018-04-17 13:28:38,2018-04-17 13:31:28,0,100,169,1,2018-04-17 13:31:28,R_3dWjZdIgFoWZRNd,anonymous,EN,1,20,1,,4,1,3,2,4,2,3,2,3,4,3,3,3,,,6,,4,2,4,
2018-04-17 13:31:30,2018-04-17 13:33:24,0,100,114,1,2018-04-17 13:33:25,R_10vz4aKG7sODUyw,anonymous,EN,1,19,1,,4,1,2,2,2,2,4,2,3,1,3,3,3,,,6,,3,2,5,
2018-04-17 13:50:16,2018-04-17 13:53:39,0,100,202,1,2018-04-17 13:53:39,R_qz5HdEdI3tEBrz3,anonymous,EN,1,24,1,,4,2,2,4,2,2,2,4,3,1,3,3,3,4,,6,,2,4,"4,5",
2018-04-17 13:53:47,2018-04-17 13:58:19,0,100,272,1,2018-04-17 13:58:20,R_W3bYfEQ3MO6sNbP,anonymous,EN,1,19,1,,4,1,3,4,4,4,4,1,3,4,3,3,3,4,,5,,3,1,4,
2018-04-17 13:56:53,2018-04-17 13:59:16,0,100,143,1,2018-04-17 13:59:17,R_27xvzlCAQlgFhsf,anonymous,EN,1,20,1,,2,3,2,3,3,1,3,2,3,2,3,3,3,4,,3,,2,1,"1,2,4",
2018-04-17 13:57:37,2018-04-17 14:00:12,0,100,154,1,2018-04-17 14:00:12,R_2PtGsrNuELEcJ8B,anonymous,EN,1,19,1,,1,2,2,3,2,1,3,2,3,3,3,3,3,4,,1,,4,4,"3,4",
2018-04-17 14:49:04,2018-04-17 14:52:45,0,100,221,1,2018-04-17 14:52:45,R_UApXrz8SnNfaCat,anonymous,EN,1,21,1,,4,4,1,4,4,4,4,4,2,4,2,2,2,,,3,,4,3,5,
2018-04-17 15:02:23,2018-04-17 15:04:58,0,100,154,1,2018-04-17 15:04:58,R_1ff3mSkavvikdFI,anonymous,EN,1,19,1,,4,4,1,4,4,4,2,4,1,4,3,3,3,4,,3,,4,4,6,"I don’t know "
2018-04-17 15:17:38,2018-04-17 15:19:16,0,100,98,1,2018-04-17 15:19:16,R_2D2mWJz0sSCGmLN,anonymous,EN,1,20,1,,1,2,2,3,4,2,2,2,3,2,3,3,3,,,5,,1,3,5,
2018-04-17 15:17:17,2018-04-17 15:19:52,0,100,154,1,2018-04-17 15:19:52,R_3RdPK9G7hipo6Yp,anonymous,EN,1,19,1,,4,2,3,2,2,2,2,2,3,2,3,3,3,,,3,,2,3,"2,4",
2018-04-17 15:22:35,2018-04-17 15:26:09,0,100,213,1,2018-04-17 15:26:09,R_ewX3nTZO4ss4NTH,anonymous,EN,1,21,1,,1,2,1,3,3,4,3,4,4,4,3,3,3,,,5,,1,2,2,
2018-04-17 15:28:56,2018-04-17 15:39:46,0,100,649,1,2018-04-17 15:39:46,R_1FFbc7FB02NkvAK,anonymous,EN,1,19,2,,4,1,3,1,2,1,1,1,3,2,3,3,2,4,,4,,2,2,1,
2018-04-17 15:37:03,2018-04-17 15:42:43,0,100,340,1,2018-04-17 15:42:43,R_265U4R1pUJVZUtn,anonymous,EN,1,23,1,,1,2,2,3,1,2,3,1,3,2,3,3,3,,,3,,2,2,"2,4,5",
2018-04-17 16:01:42,2018-04-17 16:03:51,0,100,128,1,2018-04-17 16:03:51,R_2788MOWwRQnMRbS,anonymous,EN,1,19,1,,1,1,2,4,4,1,2,1,2,1,3,3,2,,,5,,1,4,4,
2018-04-17 01:12:13,2018-04-17 16:36:58,0,100,55484,1,2018-04-17 16:36:58,R_1HozGjZaLpH1nDJ,anonymous,EN,1,19,1,,1,2,2,2,2,3,3,2,3,2,2,3,3,,,6,,1,2,"1,4,5",
2018-04-17 16:46:50,2018-04-17 16:49:40,0,100,170,1,2018-04-17 16:49:40,R_VOraNSygeVllG6Z,anonymous,EN,1,18,1,,1,2,3,2,2,2,2,2,3,2,3,3,2,4,,3,,1,3,4,
2018-04-17 17:12:28,2018-04-17 17:14:16,0,100,107,1,2018-04-17 17:14:17,R_3j8zeVTHF90k0f4,anonymous,EN,1,22,1,,4,4,1,4,4,4,1,4,2,1,2,3,1,,,3,,4,4,6,Who cares just block them
2018-04-17 15:27:05,2018-04-17 17:31:25,0,100,7460,1,2018-04-17 17:31:25,R_puRkfj8rGIiyUVz,anonymous,EN,1,19,1,,1,2,3,1,1,4,1,2,3,2,3,3,3,,,5,,1,4,"4,5",
2018-04-17 17:32:06,2018-04-17 17:34:11,0,100,124,1,2018-04-17 17:34:11,R_1FsVk7cVl2eFUsg,anonymous,EN,1,22,1,,4,4,1,2,1,1,2,2,3,2,3,3,3,,,4,,4,4,5,
2018-04-17 17:38:50,2018-04-17 17:40:53,0,100,122,1,2018-04-17 17:40:53,R_2Ec1acjGdcMsvag,anonymous,EN,1,20,1,,4,1,2,2,1,1,1,1,2,1,3,3,2,,,1,,2,3,"3,4,5",
2018-04-17 17:52:49,2018-04-17 17:54:42,0,100,112,1,2018-04-17 17:54:42,R_1GxInLbn0UAwTQ7,anonymous,EN,1,24,1,,1,2,3,2,2,1,2,1,3,2,3,3,3,,,1,,1,2,3,
2018-04-17 18:12:58,2018-04-17 18:15:14,0,100,135,1,2018-04-17 18:15:14,R_3kBq8LFTBEe1WqB,anonymous,EN,1,19,1,,4,1,2,1,1,4,1,1,1,1,2,3,3,,,3,,2,2,4,
2018-04-17 18:16:13,2018-04-17 18:19:33,0,100,199,1,2018-04-17 18:19:33,R_DvibsKZYmISHkxb,anonymous,EN,1,19,1,,1,1,1,2,1,2,1,1,2,1,3,3,3,1,,5,,3,4,5,
2018-04-17 18:35:23,2018-04-17 18:37:42,0,100,139,1,2018-04-17 18:37:42,R_OJYR2x7QfRwEnh7,anonymous,EN,1,20,1,,4,1,2,2,1,4,3,2,2,4,3,3,3,,,6,,3,3,"2,4,5",
2018-04-17 19:03:40,2018-04-17 19:05:47,0,100,126,1,2018-04-17 19:05:47,R_UQQEah6sN2NHFVT,anonymous,EN,1,19,1,,1,2,3,2,2,3,2,2,3,2,3,3,3,4,,4,,2,3,"3,5",
2018-04-17 19:51:20,2018-04-17 19:53:42,0,100,142,1,2018-04-17 19:53:42,R_2Uf2RKqh4Wac91v,anonymous,EN,1,20,1,,1,2,3,3,3,3,2,3,3,2,3,2,3,4,,5,,1,4,4,
2018-04-17 20:00:30,2018-04-17 20:02:53,0,100,142,1,2018-04-17 20:02:53,R_2z7mOCJUHDPP6CJ,anonymous,EN,1,19,1,,4,2,4,2,2,3,2,1,1,4,2,3,2,,,3,,3,3,"4,5",
2018-04-17 19:59:12,2018-04-17 20:03:07,0,100,234,1,2018-04-17 20:03:07,R_2e3yKKwrEWra4py,anonymous,EN,1,22,1,,1,1,2,1,1,1,2,1,3,2,3,3,3,4,,5,,3,2,1,
2018-04-17 20:21:41,2018-04-17 20:24:17,0,100,156,1,2018-04-17 20:24:18,R_3Dpvvwv0Rngm3WV,anonymous,EN,1,19,1,,4,4,2,4,1,2,1,4,2,1,3,3,3,4,,1,,2,1,5,
2018-04-17 21:20:00,2018-04-17 21:21:50,0,100,110,1,2018-04-17 21:21:50,R_2ziOZifcg2X3nNJ,anonymous,EN,1,21,1,,4,2,1,2,4,1,2,1,3,1,3,3,3,,,3,,3,3,3,
2018-04-17 21:24:53,2018-04-17 21:26:00,0,100,67,1,2018-04-17 21:26:00,R_6iepqHreBqVOdd7,anonymous,EN,1,1,,,,,,,,,,,,,,,,,,,,,,,
2018-04-17 21:46:07,2018-04-17 21:47:51,0,100,103,1,2018-04-17 21:47:51,R_8vonpebo0OczvuV,anonymous,EN,1,19,1,,1,2,2,2,2,2,1,2,3,1,3,3,3,,,4,,4,4,6,I don’t know and really don’t care just block someone who does it
2018-04-17 21:45:40,2018-04-17 21:48:20,0,100,160,1,2018-04-17 21:48:21,R_3NTWD2dXjS1S2Tq,anonymous,EN,1,21,1,,4,1,4,1,1,1,2,1,2,4,3,3,2,,,3,,2,3,"2,4",
2018-04-17 21:50:12,2018-04-17 21:52:37,0,100,145,1,2018-04-17 21:52:37,R_beYoX3JZtCPxgoF,anonymous,EN,1,19,1,,1,3,3,2,2,2,2,3,3,2,3,3,3,4,,3,,2,3,"1,4,5",
2018-04-17 21:53:00,2018-04-17 21:55:30,0,100,150,1,2018-04-17 21:55:30,R_3hAN7WYbN4fjywW,anonymous,EN,1,19,4,,4,1,4,1,1,4,1,4,1,1,2,3,2,4,,4,,2,2,"4,5",
2018-04-17 22:41:16,2018-04-17 22:43:16,0,100,119,1,2018-04-17 22:43:17,R_3KHFZJjnGH9kz8L,anonymous,EN,1,20,1,,1,2,3,2,1,1,2,2,2,1,3,3,2,4,,5,,2,4,1,
2018-04-17 23:27:03,2018-04-17 23:32:02,0,100,299,1,2018-04-17 23:32:02,R_1ou3F2rFRB23OeF,anonymous,EN,1,20,1,,4,1,1,4,1,4,1,1,2,4,3,3,3,3,"anything that would be considered ""weird"" or ""creepy"" by the level headed gentlemen of our youth",5,,1,1,"5,6","Tech can't mitigate it, maybe if you really wanted to you could put some informative ads but thats about it sadly. Some people just don't get social cues and/or just really thirsty"
2018-04-17 23:52:21,2018-04-17 23:54:12,0,100,110,1,2018-04-17 23:54:12,R_bl2F05TpemG3edX,anonymous,EN,1,22,1,,1,2,2,2,2,2,2,2,1,1,3,3,3,,,6,,2,4,"4,5",
2018-04-17 23:57:00,2018-04-18 00:02:14,0,100,313,1,2018-04-18 00:02:14,R_3IWeCdadu2Sk4ER,anonymous,EN,1,20,1,,4,4,2,1,2,3,3,2,1,4,3,3,3,4,,4,,4,4,"2,4,5",
2018-04-18 00:08:12,2018-04-18 00:10:13,0,100,121,1,2018-04-18 00:10:14,R_cOqYPzOtd3Tec3n,anonymous,EN,1,18,1,,4,1,3,2,3,4,2,2,3,4,3,3,3,,,3,,2,4,5,
2018-04-18 00:45:20,2018-04-18 00:47:50,0,100,149,1,2018-04-18 00:47:50,R_4MFP0iQdDTtHbdT,anonymous,EN,1,21,1,,1,2,2,3,3,3,3,2,2,2,3,3,,4,N/a,3,,3,3,"4,5",
2018-04-18 01:21:30,2018-04-18 01:22:55,0,100,85,1,2018-04-18 01:22:55,R_29joZxvcMKb1Mim,anonymous,EN,1,21,1,,4,1,1,4,4,1,2,1,2,4,1,3,2,,,4,,4,3,,
2018-04-18 06:09:45,2018-04-18 06:12:56,0,100,190,1,2018-04-18 06:12:56,R_3hAfrX47fyfF0OJ,anonymous,EN,1,18,1,,4,1,1,1,1,4,4,4,1,4,1,2,1,4,,6,,3,3,1,
2018-04-18 06:20:00,2018-04-18 06:21:28,0,100,87,1,2018-04-18 06:21:28,R_332B3phggcFXFE1,anonymous,EN,1,20,1,,4,4,2,2,4,2,2,2,3,2,3,3,3,4,,3,,1,2,4,
2018-04-18 07:56:56,2018-04-18 07:59:14,0,100,137,1,2018-04-18 07:59:14,R_1lxHIgDhkTij8lD,anonymous,EN,1,26,1,,1,2,3,2,2,2,3,2,3,1,3,3,3,4,,3,,4,4,"2,4,5",
2018-04-18 09:02:47,2018-04-18 09:05:11,0,100,143,1,2018-04-18 09:05:11,R_3lEuaINbt6XWyxD,anonymous,EN,1,19,1,,4,2,3,3,3,2,3,3,3,3,3,3,3,,,4,,1,2,"2,4,5",
2018-04-18 09:04:35,2018-04-18 09:06:23,0,100,107,1,2018-04-18 09:06:23,R_6rFHmnrQh1NiX3r,anonymous,EN,1,20,1,,4,1,2,1,4,1,1,1,1,4,3,3,1,1,,5,,1,2,2,
2018-04-18 10:13:25,2018-04-18 10:16:44,0,100,198,1,2018-04-18 10:16:44,R_1lcPS7ApUKKz5jS,anonymous,EN,1,20,1,,4,1,2,4,2,4,2,2,4,4,1,3,3,3,boob honking,5,,3,4,,
2018-04-18 10:59:59,2018-04-18 11:04:40,0,100,281,1,2018-04-18 11:04:41,R_3h5Qzh3FVqB6NHa,anonymous,EN,1,19,1,,1,2,2,2,3,1,2,2,3,1,3,3,3,,,6,,2,3,"4,6",moderate threads
2018-04-18 11:34:08,2018-04-18 11:36:14,0,100,126,1,2018-04-18 11:36:15,R_1pGpMb3hoshM3UE,anonymous,EN,1,19,1,,2,2,3,3,3,3,2,3,2,2,3,3,3,4,,4,,2,2,"1,3,4",
2018-04-18 14:39:40,2018-04-18 14:45:19,0,100,339,1,2018-04-18 14:45:19,R_1LBg71AetaAxOcW,anonymous,EN,1,18,1,,1,1,1,1,1,1,1,2,2,1,3,3,3,4,,3,,1,3,"1,2,4",
2018-04-18 16:04:46,2018-04-18 16:16:31,0,100,704,1,2018-04-18 16:16:31,R_31jANcyaAEAyFBD,anonymous,EN,1,19,1,,4,1,2,2,4,4,1,1,4,4,1,3,3,,,3,,4,4,,
2018-04-18 17:20:49,2018-04-18 17:23:57,0,100,188,1,2018-04-18 17:23:58,R_2QSWvmO8e8F7p7A,anonymous,EN,1,19,1,,1,2,3,3,2,2,3,1,2,1,3,3,3,4,N/a,5,,4,3,4,
2018-04-18 18:46:51,2018-04-18 18:49:08,0,100,136,1,2018-04-18 18:49:09,R_2UWw6fGFqy7mzYP,anonymous,EN,1,22,1,,4,1,1,2,2,2,1,4,2,2,3,3,3,,,5,,3,4,5,
2018-04-18 20:58:27,2018-04-18 21:00:33,0,100,125,1,2018-04-18 21:00:33,R_10CQninpufBPw2J,anonymous,EN,1,21,1,,1,2,3,3,3,2,2,3,3,1,3,3,3,,,6,,2,2,"4,5",
2018-04-18 22:09:18,2018-04-18 22:13:02,0,100,223,1,2018-04-18 22:13:02,R_12KYWOGnTaE5n6Y,anonymous,EN,1,19,1,,4,2,2,1,1,1,3,2,3,1,3,3,3,4,,4,,4,4,5,
2018-04-19 09:18:59,2018-04-19 09:21:36,0,100,156,1,2018-04-19 09:21:36,R_3r2139KynRblr75,anonymous,EN,1,22,1,,4,1,2,1,1,2,2,2,3,2,3,3,3,,,3,,3,4,"4,5",
2018-04-19 17:14:55,2018-04-19 17:17:35,0,100,159,1,2018-04-19 17:17:35,R_vCaJdoLw9rBPU7T,anonymous,EN,1,21,1,,1,2,3,1,4,1,1,1,2,2,3,3,2,3,Rape,2,,4,4,5,
2018-04-19 21:34:57,2018-04-19 21:37:20,0,100,143,1,2018-04-19 21:37:21,R_zdopzYmDvwz1jnr,anonymous,EN,1,20,1,,4,4,2,1,1,4,4,1,1,4,1,2,2,1,,3,,2,3,"1,5",
2018-04-19 21:41:22,2018-04-19 21:42:51,0,100,89,1,2018-04-19 21:42:52,R_1eQwPZT1CzfBibY,anonymous,EN,1,18,1,,4,4,1,1,1,2,1,2,3,3,3,3,3,4,,5,,2,1,5,
2018-04-19 22:00:49,2018-04-19 22:03:49,0,100,180,1,2018-04-19 22:03:50,R_2c1lRIyIESiv4Wq,anonymous,EN,1,22,1,,4,4,1,1,2,2,2,1,2,4,3,3,3,,,6,,3,3,5,
2018-04-19 23:10:09,2018-04-19 23:13:02,0,100,172,1,2018-04-19 23:13:02,R_3oUcZb3uLPtB30T,anonymous,EN,1,20,1,,4,1,2,2,3,2,2,2,3,1,3,3,3,4,,2,,3,3,5,
2018-04-20 04:01:09,2018-04-20 04:03:36,0,100,146,1,2018-04-20 04:03:36,R_3qrq9M0MfUlCqNd,anonymous,EN,1,19,1,,1,1,2,2,3,2,2,3,3,1,3,3,3,,,4,,2,2,"1,2,4,5",
2018-04-20 04:31:53,2018-04-20 04:35:02,0,100,188,1,2018-04-20 04:35:02,R_3iD3zoYkhQFbqis,anonymous,EN,1,19,1,,1,1,2,3,2,1,2,2,2,2,3,3,3,4,,5,,1,1,5,
2018-04-20 15:32:39,2018-04-20 15:35:27,0,100,167,1,2018-04-20 15:35:27,R_9vpQIhJwXDcq7Hb,anonymous,EN,1,19,1,,2,2,2,1,1,2,1,2,3,2,3,3,3,4,,6,,4,4,"1,5",
2018-04-20 17:34:55,2018-04-20 17:38:10,0,100,195,1,2018-04-20 17:38:11,R_b72GsUfwtRl9wGd,anonymous,EN,1,24,1,,1,2,3,2,3,4,3,3,3,3,3,3,3,2,"Demanding inappropriate contact ie (give me a hug!) ",6,,2,3,6,I think Reddit hardly qualifies as a social network and is this much more removed from the idea of sexually harassing an individual.
2018-04-21 11:40:48,2018-04-21 11:45:51,0,100,303,1,2018-04-21 11:45:51,R_3OoGbA1c1TcGphz,anonymous,EN,1,22,1,,1,1,3,4,2,4,1,2,2,1,3,3,3,4,N/A,6,,4,4,,
2018-04-21 12:56:32,2018-04-21 12:59:04,0,100,152,1,2018-04-21 12:59:04,R_2wH31tFkUgupL4s,anonymous,EN,1,20,1,,4,4,1,2,2,1,3,3,2,2,3,3,2,1,,5,,3,4,5,
2018-04-22 11:42:48,2018-04-22 11:45:41,0,100,172,1,2018-04-22 11:45:41,R_bHJzjUXLIHvRv21,anonymous,EN,1,19,1,,4,1,3,4,4,1,1,1,4,4,3,3,3,,,6,,1,3,6,You don’t have the right to not be sexually harassed online anymore than you have the right not to be harassed online.
2018-04-22 14:04:26,2018-04-22 14:06:28,0,100,122,1,2018-04-22 14:06:29,R_3kz8TWh4OriBK2N,anonymous,EN,1,20,1,,4,1,2,1,2,2,2,2,1,1,3,3,3,4,,5,,1,2,6,It’s why snap chats around. Send nudes
